"Product_Name","Price"
"AFOX NVIDIA GeForce GT 240 1GB GDDR3 Graphics Card","5,000৳"
"AFOX NVIDIA GeForce GT 610 2GB GDDR3 Graphics Card","5,500৳"
"Colorful GeForce GT710-2GD3-V 2GB Graphics Card","6,500৳"
"AFOX NVIDIA GeForce GT 710 2GB GDDR3 Graphics Card","6,500৳"
"ASUS GeForce GT 710 2GB GDDR5 EVO Low-profile Graphics Card","7,700৳"
"AFOX NVIDIA GeForce GT 710 4GB GDDR3 Graphics Card","8,400৳"
"MSI GT 710 2GD3H LP 2GB DDR3 Gaming Graphic Card","9,100৳"
"AFOX Radeon R7 350 2GB GDDR5 Single Fan Graphics Card","9,700৳"
"Asus Geforce Gt 730 2GB GDDR5 Graphics Card","10,200৳"
"Gunnir Intel ARC A310 Index 4GB GDDR6 Graphics Card","12,300৳"
"MSI GeForce GT 730 4GB DDR3 Graphics Card","12,900৳"
"AFOX NVIDIA GeForce GT 1030 2GB GDDR5 Graphics Card","14,000৳"
"GIGABYTE Intel Arc A310 WINDFORCE 4G GDDR6 Graphics Card","15,400৳"
"Asus Geforce GT 730 2GB GDDR5 Graphics Card with 4 HDMI Ports","16,300৳"
"ARKTEK AMD Radeon RX 550 8GB GDDR5 Graphics Card","16,900৳"
"PELADN RX 580 8G 256Bit Dual Fans Gaming Graphics Card","16,999৳"
"MSI GeForce GT 1030 AERO ITX OC 4GB GDDR4 Graphic Card","17,500৳"
"Unika Radeon RX 580 BLIZZARDS 8GD5 V2 8GB GDDR5 Graphics Card","18,500৳"
"ARKTEK RX 580 8GB 256bit GDDR5 Graphics Card","19,500৳"
"PELADN RX 5500 8G GDDR6 Dual Fan Gaming Graphics Card","19,999৳"
"GIGABYTE Intel Arc A380 GAMING OC 6G GDDR6 Graphics Card","21,900৳"
"AFOX NVIDIA GeForce GTX 1050 Ti 4GB GDDR5 Graphics Card","24,500৳"
"AFOX Geforce GTX 1660Ti 6GB GDDR6 ATX Dual Fan Graphics Card","33,000৳"
"GIGABYTE GeForce RTX 3050 WINDFORCE OC 6GB GDDR6 Graphics Card","34,800৳"
"GIGABYTE GeForce RTX 3050 WINDFORCE OC V2 6GB GDDR6 Graphics Card","34,800৳"
"Colorful GeForce RTX 3050 6GB V4-V GDDR6 Graphics Card","35,000৳"
"ASUS Dual GeForce RTX 3050 OC Edition 6GB GDDR6 Graphics Card","37,500৳"
"Colorful GeForce RTX 3050 NB DUO V2-V 8GB GDDR6 Graphics Card","39,000৳"
"Colorful iGame GeForce RTX 3050 Ultra W DUO OC V2-V 8GB GDDR6 Graphics Card","39,500৳"
"GIGABYTE GeForce RTX 3060 GAMING OC 8GB GDDR6 Graphics Card","39,900৳"
"MSI GeForce RTX 3050 VENTUS 2X E 6G OC GDDR6 Graphics Card","40,000৳"
"ZOTAC GAMING GEFORCE RTX 3050 ECO 8GB GDDR6 Graphics Card","40,500৳"
"Zotac GAMING GeForce RTX 3050 Twin Edge OC 6GB GDDR6 Graphics Card","40,500৳"
"ARKTEK AMD Radeon RX 7600 XT 8GB GDDR6 Graphics Card","40,500৳"
"GIGABYTE GeForce RTX 5050 OC Low Profile 8GB GDDR6 Graphics Card","42,000৳"
"MSI GeForce RTX 3050 VENTUS 2X XS 8GB OC GDDR6 Graphics Card","43,000৳"
"MSI GeForce RTX 5050 8G SHADOW 2X OC 8GB GDDR6 Graphics Card","43,000৳"
"OCPC GeForce RTX 5050 8GB GDDR6 XE Dual Fan White Graphics Card","43,900৳"
"MSI GeForce RTX 5050 8G VENTUS 2X OC 8GB GDDR6 Graphics Card","44,000৳"
"Colorful GeForce RTX 5050 Battle AX DUO 8GB-V GDDR6 Graphics Card","44,500৳"
"PowerColor Fighter AMD Radeon RX 7600 8GB F/V2 GDDR6 Graphics Card","44,900৳"
"INNO3D GeForce RTX 5050 TWIN X2 8GB GDDR6 Graphics Card","45,000৳"
"INNO3D GeForce RTX 5050 TWIN X2 OC 8GB GDDR6 Graphics Card","45,000৳"
"ASUS Dual GeForce RTX 3050 V2 8GB GDDR6 Graphics Card","45,500৳"
"ZOTAC GAMING GeForce RTX 5050 Twin Edge 8GB GDDR6 Graphics Card","46,500৳"
"Colorful iGame GeForce RTX 5050 Ultra W DUO OC 8GB-V GDDR6 Graphics Card","46,500৳"
"MSI GeForce RTX 5050 8G Gaming OC 8GB GDDR6 Graphics Card","46,999৳"
"ZOTAC GAMING GeForce RTX 5050 Twin Edge OC 8GB GDDR6 Graphics Card","47,500৳"
"ASUS Dual GeForce RTX 5050 8GB GDDR6 OC Edition Graphics Card","50,500৳"
"MSI GeForce RTX 3060 VENTUS 2X OC 12GB Graphics Card","54,999৳"
"PNY GeForce RTX 5060 8GB Dual Fan GDDR7 Graphics Card","57,500৳"
"PNY GeForce RTX 5060 8GB OC Dual Fan GDDR7 Graphics Card","58,000৳"
"INNO3D GeForce RTX 5060 TWIN X2 OC V2 8GB GDDR7 Graphics Card","58,000৳"
"ZOTAC GAMING GeForce RTX 5060 Twin Edge OC 8GB GDDR7 Graphics Card","58,500৳"
"ZOTAC GAMING GeForce RTX 5060 Twin Edge Plus 8GB GDDR7 Graphics Card","58,500৳"
"ZOTAC GeForce RTX 5060 Twin Edge 8GB GDDR7 Graphics Card","58,900৳"
"ZOTAC GeForce RTX 5060 AMP 8GB GDDR7 Graphics Card","59,500৳"
"MSI GeForce RTX 5060 8G VENTUS 2X OC 8GB GDDR7 Graphics Card","59,500৳"
"MSI GeForce RTX 5060 8G VENTUS 2X OC V1 GDDR7 Graphics Card","60,900৳"
"ASUS Dual GeForce RTX 5060 White OC Edition 8GB GDDR7 Graphics Card","61,000৳"
"GIGABYTE GeForce RTX 5060 EAGLE MAX OC 8GB GDDR7 Graphics Card","62,000৳"
"Colorful GeForce RTX 5060 Ti Gaming DUO 8GB-V GDDR7 Graphics Card","64,900৳"
"INNO3D GeForce RTX 5060 Ti 8GB TWIN X2 OC Graphics Card","64,900৳"
"Colorful GeForce RTX 5060 Ti Battle AX DUO 8GB-V GDDR7 Graphics Card","65,000৳"
"MSI GeForce RTX 5060 Ti 8G VENTUS 2X OC WHITE PLUS 8GB GDDR7 Graphics Card","65,900৳"
"Sapphire Pulse AMD Radeon RX 9060 XT Gaming OC 8GB GDDR6 Graphics Card","66,900৳"
"GIGABYTE GeForce RTX 5060 Ti EAGLE ICE OC 8GB GDDR7 Graphics Card","67,000৳"
"GIGABYTE GeForce RTX 5060 Ti EAGLE OC 8GB GDDR7 Graphics Card","67,000৳"
"MSI GeForce RTX 5060 Ti 8G SHADOW 2X OC PLUS 8GB GDDR7 Graphics Card","68,900৳"
"Colorful iGame GeForce RTX 5060 Ti Ultra W DUO OC 8GB-V GDDR7 Graphics Card","68,900৳"
"GUNNIR Intel Arc Pro B50 16G Low Profile GDDR6 Workstation Graphics Card","69,000৳"
"MSI GeForce RTX 5060 Ti 8G VENTUS 2X OC PLUS 8GB GDDR7 Graphics Card","69,900৳"
"INNO3D GeForce RTX 5060 Ti 8GB X3 OC GDDR7 Graphics Card","69,900৳"
"PowerColor Reaper AMD Radeon RX 9060 XT 16GB GDDR6 Graphics Card","72,200৳"
"MSI GeForce RTX 5060 Ti 8G VENTUS 2X PLUS 8GB GDDR7 Graphics Card","72,900৳"
"ASUS Dual GeForce RTX 5060 Ti 8GB GDDR7 OC Edition Graphics Card","75,000৳"
"MSI GeForce RTX 5060 Ti 8G VENTUS 3X OC 8GB GDDR7 Graphics Card","76,000৳"
"ASUS PRIME GeForce RTX 5060 Ti 8GB GDDR7 OC Edition Graphics Card","77,500৳"
"PowerColor AMD Radeon RX 7800 XT 16GB GDDR6 Graphics Card","79,000৳"
"PowerColor Hellhound AMD Radeon RX 9060 XT 16GB GDDR6 Graphics Card","80,500৳"
"ASUS Dual Radeon RX 9060 XT 16GB GDDR6 Graphics Card","81,000৳"
"Sapphire Pulse AMD Radeon RX 9060 XT GAMING OC 16GB GDDR6 Graphics Card","82,900৳"
"Sapphire Pure AMD Radeon RX 9060 XT GAMING OC 16GB GDDR6 Graphics Card","84,900৳"
"PowerColor Hellhound Spectral White AMD Radeon RX 9060 XT 16GB GDDR6 Graphics Card","85,500৳"
"Sapphire NITRO+ AMD Radeon RX 9060 XT Gaming OC 16GB GDDR6 Graphics Card","91,900৳"
"Sapphire PULSE AMD Radeon RX 9070 GRE OC 12GB GDDR6 Graphics Card","92,900৳"
"Sapphire PULSE AMD Radeon RX 9070 Gaming 16GB GDDR6 Graphics Card","103,500৳"
"Sapphire PURE AMD Radeon RX 9070 Gaming OC 16GB GDDR6 Graphics Card","105,000৳"
"GUNNIR Intel Arc Pro B60 TF 24GB GDDR6 Workstation Graphics Card","105,000৳"
"GUNNIR Intel Arc Pro B60 BS 24GB GDDR6 Workstation Graphics Card","105,000৳"
Sapphire NITRO+ AMD Radeon RX 9070 Gaming OC 16GB GDDR6 Graphics Card,"107,000৳"
Colorful iGame GeForce RTX 5060 Ti Ultra W DUO OC 16GB-V GDDR7 Graphics Card,"113,000৳"
PNY GeForce RTX 5060 Ti 16GB Dual Fan GDDR7 Graphics Card,"114,500৳"
PNY GeForce RTX 5060 Ti 16GB OC Dual Fan GDDR7 Graphics Card,"115,000৳"
MSI GeForce RTX 5060 Ti 16G SHADOW 2X OC PLUS 16GB GDDR7 Graphics Card,"115,000৳"
Manli Nebula V2 GeForce RTX 5060 Ti 16GB GDDR7 Graphics Card,"115,000৳"
Colorful GeForce RTX 5060 Ti Battle AX NB DUO 16GB-V GDDR7 Graphics Card,"115,000৳"
Manli Black Stellar GeForce RTX 5060 Ti OC 16GB GDDR7 Graphics Card,"116,000৳"
PowerColor Reaper AMD Radeon RX 9070 XT 16GB GDDR6 Graphics Card,"117,000৳"
INNO3D GeForce RTX 5060 Ti 16GB X3 OC GDDR7 Graphics Card,"119,500৳"
Manli Polar Fox GeForce RTX 5060 Ti OC 16GB GDDR7 Graphics Card,"119,900৳"
ASUS Dual GeForce RTX 5060 Ti 16GB GDDR7 OC Edition Graphics Card,"119,900৳"
PowerColor Hellhound Spectral White AMD Radeon RX 9070 XT 16GB GDDR6 Graphics Card,"120,000৳"
INNO3D GEFORCE RTX 5070 X3 OC 12GB GDDR7 Graphics Card,"122,000৳"
PNY GeForce RTX 5070 ARGB EPIC-X RGB OC Triple Fan 12GB GDDR7 Graphics Card,"125,000৳"
Sapphire Pulse AMD Radeon RX 9070 XT Gaming 16GB GDDR6 Graphics Card,"125,900৳"
ASUS Dual GeForce RTX 5070 12GB GDDR7 OC Edition Graphics Card,"127,000৳"
Sapphire PURE AMD Radeon RX 9070 XT 16GB GDDR6 Graphics Card,"128,900৳"
Colorful iGame GeForce RTX 5070 Ultra W OC 12GB-V GDDR7 Graphics Card,"128,900৳"
MSI GeForce RTX 5070 12G SHADOW 2X OC 12GB GDDR7 Graphics Card,"131,900৳"
ASUS PRIME GeForce RTX 5070 12GB GDDR7 OC Edition Graphics Card,"132,000৳"
ZOTAC GAMING GeForce RTX 5070 Twin Edge OC 12GB GDDR7 White Graphics Card,"134,900৳"
Sapphire NITRO+ AMD Radeon RX 9070 XT 16GB Gaming OC GDDR6 Graphics Card,"135,900৳"
ASUS TUF Gaming GeForce RTX 4070 Ti SUPER BTF White OC Edition 16GB GDDR6X Graphics Card,"151,000৳"
ASUS PRIME GeForce RTX 5070 Ti 16GB GDDR7 OC Edition Graphics Card,"185,000৳"
ASUS TUF Gaming GeForce RTX 5070 Ti 16GB GDDR7 OC Edition Graphics Card,"185,000৳"
PNY GeForce RTX 5070 Ti Epic-X ARGB OC Triple Fan 16GB GDDR7 Graphic Card,"189,900৳"
GUNNIR Intel Arc Pro B70 TF 32GB GDDR6 Workstation Graphics Card,"192,000৳"
GUNNIR Intel Arc Pro B70 BD 32GB GDDR6 Workstation Graphics Card,"192,000৳"
MSI GeForce RTX 5070 Ti 16G VENTUS 3X OC 16GB GDDR7 Graphics Card,"192,900৳"
MSI GeForce RTX 5070 Ti 16G SHADOW 3X OC 16GB GDDR7 Graphics Card,"194,000৳"
Asus ProArt GeForce RTX 5070 Ti OC Edition 16GB GDDR7 Graphics Card,"199,900৳"
Manli Nebula GeForce RTX 5080 16GB GDDR7 Graphics Card,"205,000৳"
PNY GeForce RTX 5080 16GB Triple Fan GDDR7 Graphics Card,"212,000৳"
Manli Polar Fox V2 GeForce RTX 5080 OC 16GB GDDR7 Graphics Card,"215,000৳"
Colorful iGame GeForce RTX 5080 Ultra W OC 16GB-V GDDR7 Graphics Card,"218,000৳"
PNY GeForce RTX 5080 OC 16GB Triple Fan GDDR7 Graphics Card,"219,500৳"
Colorful iGame GeForce RTX 5080 Neptune OC 16GB-V GDDR7 Graphics Card,"259,000৳"
ASUS ROG Astral GeForce RTX 5080 16GB GDDR7 OC Edition Graphics Card White,"289,500৳"
PNY GeForce RTX 5090 32GB GDDR7 Overclocked Triple Fan Graphics Card,"610,000৳"
MSI GeForce RTX 5090 32G SUPRIM SOC 32GB GDDR7 Graphics Card,"725,900৳"
ASUS TUF Gaming GeForce RTX 5090 32GB GDDR7 OC Edition Graphics Card,"750,000৳"
MSI GeForce RTX 5090 32G LIGHTNING Z GDDR7 Graphics Card,"994,500৳"
