id,customer_name,product_name,quantity
1,Rafi,RTX 5070 Ti 16GB,1
2,Nadia,iPhone 16,1
3,Sakib,Corsair Vengeance 32GB DDR5,2
4,Tanvir,ASUS TUF Gaming A15,1
5,Mahir,Samsung 990 Pro 2TB,1
6,Ayesha,Samsung Galaxy S25,1
7,Fahim,AMD Ryzen 5 7600,1
8,Jannat,Logitech G Pro X Superlight 2,1
9,Nabil,Dell G2724D 27-inch,2
10,Siam,Kingston Fury 16GB DDR5,2
11,Mehedi,RX 9070 XT 16GB,1
12,Raisa,MacBook Air M4,1
13,Arif,Keychron K2 Pro,1
14,Shuvo,WD Black SN850X 1TB,2
15,Mim,Google Pixel 9,1
16,riad,iPhone 16,2
